,Abbreviation,State,volume,year
0,MA,massachusetts:martha's vineyard,0.441538662156,1995
1,MA,massachusetts:martha's vineyard,0.147179554052,1997
2,MA,massachusetts:martha's vineyard,0.147179554052,1998
3,MA,massachusetts:martha's vineyard,0.147179554052,1999
4,MA,massachusetts:martha's vineyard,0.441538662156,2000
5,MA,massachusetts:martha's vineyard,0.588718216207,2001
6,MA,massachusetts:martha's vineyard,2.06051375673,2002
7,MA,massachusetts:martha's vineyard,1.61897509457,2003
8,MA,massachusetts:martha's vineyard,3.82666840535,2004
9,MA,massachusetts:martha's vineyard,5.59282305397,2005
10,MA,massachusetts:martha's vineyard,7.06461859449,2006
11,MA,massachusetts:martha's vineyard,14.4235962971,2007
12,MA,massachusetts:martha's vineyard,17.6615464862,2008
13,MA,massachusetts:martha's vineyard,16.4841100538,2009
14,MA,massachusetts:martha's vineyard,20.3107784592,2010
15,MA,massachusetts:martha's vineyard,28.5528334861,2011
16,MA,massachusetts:martha's vineyard,11.7743643241,2012
17,MA,massachusetts:martha's vineyard,31.202065459,2013
18,MA,massachusetts:martha's vineyard,132.167239539,2014
19,MA,massachusetts:martha's vineyard,44.1538662156,2015
20,MA,massachusetts:martha's vineyard,32.2323223374,2016
21,MA,massachusetts:martha's vineyard,25.9036015131,2017
22,MA,massachusetts:main,0.441538662156,1995
23,MA,massachusetts:main,0.147179554052,1997
24,MA,massachusetts:main,0.147179554052,1998
25,MA,massachusetts:main,0.147179554052,1999
26,MA,massachusetts:main,0.441538662156,2000
27,MA,massachusetts:main,0.588718216207,2001
28,MA,massachusetts:main,2.06051375673,2002
29,MA,massachusetts:main,1.61897509457,2003
30,MA,massachusetts:main,3.82666840535,2004
31,MA,massachusetts:main,5.59282305397,2005
32,MA,massachusetts:main,7.06461859449,2006
33,MA,massachusetts:main,14.4235962971,2007
34,MA,massachusetts:main,17.6615464862,2008
35,MA,massachusetts:main,16.4841100538,2009
36,MA,massachusetts:main,20.3107784592,2010
37,MA,massachusetts:main,28.5528334861,2011
38,MA,massachusetts:main,11.7743643241,2012
39,MA,massachusetts:main,31.202065459,2013
40,MA,massachusetts:main,132.167239539,2014
41,MA,massachusetts:main,44.1538662156,2015
42,MA,massachusetts:main,32.2323223374,2016
43,MA,massachusetts:main,25.9036015131,2017
44,MA,massachusetts:nantucket,0.441538662156,1995
45,MA,massachusetts:nantucket,0.147179554052,1997
46,MA,massachusetts:nantucket,0.147179554052,1998
47,MA,massachusetts:nantucket,0.147179554052,1999
48,MA,massachusetts:nantucket,0.441538662156,2000
49,MA,massachusetts:nantucket,0.588718216207,2001
50,MA,massachusetts:nantucket,2.06051375673,2002
51,MA,massachusetts:nantucket,1.61897509457,2003
52,MA,massachusetts:nantucket,3.82666840535,2004
53,MA,massachusetts:nantucket,5.59282305397,2005
54,MA,massachusetts:nantucket,7.06461859449,2006
55,MA,massachusetts:nantucket,14.4235962971,2007
56,MA,massachusetts:nantucket,17.6615464862,2008
57,MA,massachusetts:nantucket,16.4841100538,2009
58,MA,massachusetts:nantucket,20.3107784592,2010
59,MA,massachusetts:nantucket,28.5528334861,2011
60,MA,massachusetts:nantucket,11.7743643241,2012
61,MA,massachusetts:nantucket,31.202065459,2013
62,MA,massachusetts:nantucket,132.167239539,2014
63,MA,massachusetts:nantucket,44.1538662156,2015
64,MA,massachusetts:nantucket,32.2323223374,2016
65,MA,massachusetts:nantucket,25.9036015131,2017
66,MI,michigan:north,0.10078028125,1986
67,MI,michigan:north,0.10078028125,1987
68,MI,michigan:north,0.201560562499,1988
69,MI,michigan:north,0.10078028125,1992
70,MI,michigan:north,0.10078028125,1997
71,MI,michigan:north,0.10078028125,1998
72,MI,michigan:north,0.201560562499,1999
73,MI,michigan:north,0.604681687497,2001
74,MI,michigan:north,0.302340843749,2002
75,MI,michigan:north,1.10858309375,2003
76,MI,michigan:north,1.20936337499,2004
77,MI,michigan:north,1.61248449999,2005
78,MI,michigan:north,1.81404506249,2006
79,MI,michigan:north,5.34135490623,2007
80,MI,michigan:north,4.83745349998,2008
81,MI,michigan:north,2.82184787499,2009
82,MI,michigan:north,2.31794646874,2010
83,MI,michigan:north,4.33355209373,2011
84,MI,michigan:north,3.42652956248,2012
85,MI,michigan:north,8.56632390621,2013
86,MI,michigan:north,25.1950703124,2014
87,MI,michigan:north,9.27178587496,2015
88,MI,michigan:north,9.07022531246,2016
89,MI,michigan:north,4.73667321873,2017
90,MI,michigan:south,0.10078028125,1986
91,MI,michigan:south,0.10078028125,1987
92,MI,michigan:south,0.201560562499,1988
93,MI,michigan:south,0.10078028125,1992
94,MI,michigan:south,0.10078028125,1997
95,MI,michigan:south,0.10078028125,1998
96,MI,michigan:south,0.201560562499,1999
97,MI,michigan:south,0.604681687497,2001
98,MI,michigan:south,0.302340843749,2002
99,MI,michigan:south,1.10858309375,2003
100,MI,michigan:south,1.20936337499,2004
101,MI,michigan:south,1.61248449999,2005
102,MI,michigan:south,1.81404506249,2006
103,MI,michigan:south,5.34135490623,2007
104,MI,michigan:south,4.83745349998,2008
105,MI,michigan:south,2.82184787499,2009
106,MI,michigan:south,2.31794646874,2010
107,MI,michigan:south,4.33355209373,2011
108,MI,michigan:south,3.42652956248,2012
109,MI,michigan:south,8.56632390621,2013
110,MI,michigan:south,25.1950703124,2014
111,MI,michigan:south,9.27178587496,2015
112,MI,michigan:south,9.07022531246,2016
113,MI,michigan:south,4.73667321873,2017
114,NY,new york:manhattan,0.0505157889372,1988
115,NY,new york:manhattan,0.0505157889372,1992
116,NY,new york:manhattan,0.0505157889372,1993
117,NY,new york:manhattan,0.101031577874,1994
118,NY,new york:manhattan,0.101031577874,1995
119,NY,new york:manhattan,0.151547366811,1997
120,NY,new york:manhattan,0.252578944686,1998
121,NY,new york:manhattan,0.0505157889372,1999
122,NY,new york:manhattan,0.252578944686,2000
123,NY,new york:manhattan,0.35361052256,2001
124,NY,new york:manhattan,0.70722104512,2002
125,NY,new york:manhattan,1.16186314555,2003
126,NY,new york:manhattan,1.86908419067,2004
127,NY,new york:manhattan,1.66702103493,2005
128,NY,new york:manhattan,4.69796837116,2006
129,NY,new york:manhattan,6.1124104614,2007
130,NY,new york:manhattan,9.54748410912,2008
131,NY,new york:manhattan,6.92066308439,2009
132,NY,new york:manhattan,9.2443893755,2010
133,NY,new york:manhattan,16.7207261382,2011
134,NY,new york:manhattan,8.99181043081,2012
135,NY,new york:manhattan,26.7733681367,2013
136,NY,new york:manhattan,94.7171042572,2014
137,NY,new york:manhattan,29.9558628397,2015
138,NY,new york:manhattan,17.9836208616,2016
139,NY,new york:manhattan,17.0743366608,2017
140,NY,new york:main,0.0505157889372,1988
141,NY,new york:main,0.0505157889372,1992
142,NY,new york:main,0.0505157889372,1993
143,NY,new york:main,0.101031577874,1994
144,NY,new york:main,0.101031577874,1995
145,NY,new york:main,0.151547366811,1997
146,NY,new york:main,0.252578944686,1998
147,NY,new york:main,0.0505157889372,1999
148,NY,new york:main,0.252578944686,2000
149,NY,new york:main,0.35361052256,2001
150,NY,new york:main,0.70722104512,2002
151,NY,new york:main,1.16186314555,2003
152,NY,new york:main,1.86908419067,2004
153,NY,new york:main,1.66702103493,2005
154,NY,new york:main,4.69796837116,2006
155,NY,new york:main,6.1124104614,2007
156,NY,new york:main,9.54748410912,2008
157,NY,new york:main,6.92066308439,2009
158,NY,new york:main,9.2443893755,2010
159,NY,new york:main,16.7207261382,2011
160,NY,new york:main,8.99181043081,2012
161,NY,new york:main,26.7733681367,2013
162,NY,new york:main,94.7171042572,2014
163,NY,new york:main,29.9558628397,2015
164,NY,new york:main,17.9836208616,2016
165,NY,new york:main,17.0743366608,2017
166,NY,new york:staten island,0.0505157889372,1988
167,NY,new york:staten island,0.0505157889372,1992
168,NY,new york:staten island,0.0505157889372,1993
169,NY,new york:staten island,0.101031577874,1994
170,NY,new york:staten island,0.101031577874,1995
171,NY,new york:staten island,0.151547366811,1997
172,NY,new york:staten island,0.252578944686,1998
173,NY,new york:staten island,0.0505157889372,1999
174,NY,new york:staten island,0.252578944686,2000
175,NY,new york:staten island,0.35361052256,2001
176,NY,new york:staten island,0.70722104512,2002
177,NY,new york:staten island,1.16186314555,2003
178,NY,new york:staten island,1.86908419067,2004
179,NY,new york:staten island,1.66702103493,2005
180,NY,new york:staten island,4.69796837116,2006
181,NY,new york:staten island,6.1124104614,2007
182,NY,new york:staten island,9.54748410912,2008
183,NY,new york:staten island,6.92066308439,2009
184,NY,new york:staten island,9.2443893755,2010
185,NY,new york:staten island,16.7207261382,2011
186,NY,new york:staten island,8.99181043081,2012
187,NY,new york:staten island,26.7733681367,2013
188,NY,new york:staten island,94.7171042572,2014
189,NY,new york:staten island,29.9558628397,2015
190,NY,new york:staten island,17.9836208616,2016
191,NY,new york:staten island,17.0743366608,2017
192,NY,new york:long island,0.0505157889372,1988
193,NY,new york:long island,0.0505157889372,1992
194,NY,new york:long island,0.0505157889372,1993
195,NY,new york:long island,0.101031577874,1994
196,NY,new york:long island,0.101031577874,1995
197,NY,new york:long island,0.151547366811,1997
198,NY,new york:long island,0.252578944686,1998
199,NY,new york:long island,0.0505157889372,1999
200,NY,new york:long island,0.252578944686,2000
201,NY,new york:long island,0.35361052256,2001
202,NY,new york:long island,0.70722104512,2002
203,NY,new york:long island,1.16186314555,2003
204,NY,new york:long island,1.86908419067,2004
205,NY,new york:long island,1.66702103493,2005
206,NY,new york:long island,4.69796837116,2006
207,NY,new york:long island,6.1124104614,2007
208,NY,new york:long island,9.54748410912,2008
209,NY,new york:long island,6.92066308439,2009
210,NY,new york:long island,9.2443893755,2010
211,NY,new york:long island,16.7207261382,2011
212,NY,new york:long island,8.99181043081,2012
213,NY,new york:long island,26.7733681367,2013
214,NY,new york:long island,94.7171042572,2014
215,NY,new york:long island,29.9558628397,2015
216,NY,new york:long island,17.9836208616,2016
217,NY,new york:long island,17.0743366608,2017
218,NC,north carolina:knotts,0.0995738042032,1983
219,NC,north carolina:knotts,0.0995738042032,1985
220,NC,north carolina:knotts,0.199147608406,1995
221,NC,north carolina:knotts,0.398295216813,1997
222,NC,north carolina:knotts,0.597442825219,1998
223,NC,north carolina:knotts,0.398295216813,1999
224,NC,north carolina:knotts,0.995738042032,2000
225,NC,north carolina:knotts,0.995738042032,2001
226,NC,north carolina:knotts,2.78806651769,2002
227,NC,north carolina:knotts,2.9872141261,2003
228,NC,north carolina:knotts,4.58039499335,2004
229,NC,north carolina:knotts,5.27741162277,2005
230,NC,north carolina:knotts,9.2603637909,2006
231,NC,north carolina:knotts,15.1352182389,2007
232,NC,north carolina:knotts,19.7156132322,2008
233,NC,north carolina:knotts,9.0612161825,2009
234,NC,north carolina:knotts,10.4552494413,2010
235,NC,north carolina:knotts,19.3173180154,2011
236,NC,north carolina:knotts,12.9445945464,2012
237,NC,north carolina:knotts,24.2960082256,2013
238,NC,north carolina:knotts,65.3204155573,2014
239,NC,north carolina:knotts,22.0058107289,2015
240,NC,north carolina:knotts,22.6032535541,2016
241,NC,north carolina:knotts,5.67570683959,2017
242,NC,north carolina:main,0.0995738042032,1983
243,NC,north carolina:main,0.0995738042032,1985
244,NC,north carolina:main,0.199147608406,1995
245,NC,north carolina:main,0.398295216813,1997
246,NC,north carolina:main,0.597442825219,1998
247,NC,north carolina:main,0.398295216813,1999
248,NC,north carolina:main,0.995738042032,2000
249,NC,north carolina:main,0.995738042032,2001
250,NC,north carolina:main,2.78806651769,2002
251,NC,north carolina:main,2.9872141261,2003
252,NC,north carolina:main,4.58039499335,2004
253,NC,north carolina:main,5.27741162277,2005
254,NC,north carolina:main,9.2603637909,2006
255,NC,north carolina:main,15.1352182389,2007
256,NC,north carolina:main,19.7156132322,2008
257,NC,north carolina:main,9.0612161825,2009
258,NC,north carolina:main,10.4552494413,2010
259,NC,north carolina:main,19.3173180154,2011
260,NC,north carolina:main,12.9445945464,2012
261,NC,north carolina:main,24.2960082256,2013
262,NC,north carolina:main,65.3204155573,2014
263,NC,north carolina:main,22.0058107289,2015
264,NC,north carolina:main,22.6032535541,2016
265,NC,north carolina:main,5.67570683959,2017
266,NC,north carolina:spit,0.0995738042032,1983
267,NC,north carolina:spit,0.0995738042032,1985
268,NC,north carolina:spit,0.199147608406,1995
269,NC,north carolina:spit,0.398295216813,1997
270,NC,north carolina:spit,0.597442825219,1998
271,NC,north carolina:spit,0.398295216813,1999
272,NC,north carolina:spit,0.995738042032,2000
273,NC,north carolina:spit,0.995738042032,2001
274,NC,north carolina:spit,2.78806651769,2002
275,NC,north carolina:spit,2.9872141261,2003
276,NC,north carolina:spit,4.58039499335,2004
277,NC,north carolina:spit,5.27741162277,2005
278,NC,north carolina:spit,9.2603637909,2006
279,NC,north carolina:spit,15.1352182389,2007
280,NC,north carolina:spit,19.7156132322,2008
281,NC,north carolina:spit,9.0612161825,2009
282,NC,north carolina:spit,10.4552494413,2010
283,NC,north carolina:spit,19.3173180154,2011
284,NC,north carolina:spit,12.9445945464,2012
285,NC,north carolina:spit,24.2960082256,2013
286,NC,north carolina:spit,65.3204155573,2014
287,NC,north carolina:spit,22.0058107289,2015
288,NC,north carolina:spit,22.6032535541,2016
289,NC,north carolina:spit,5.67570683959,2017
290,VA,virginia:chesapeake,0.119289136947,1986
291,VA,virginia:chesapeake,0.238578273893,1988
292,VA,virginia:chesapeake,0.238578273893,1991
293,VA,virginia:chesapeake,0.238578273893,1993
294,VA,virginia:chesapeake,0.35786741084,1994
295,VA,virginia:chesapeake,0.35786741084,1995
296,VA,virginia:chesapeake,0.835023958627,1997
297,VA,virginia:chesapeake,1.07360223252,1998
298,VA,virginia:chesapeake,1.67004791725,1999
299,VA,virginia:chesapeake,2.38578273893,2000
300,VA,virginia:chesapeake,2.86293928672,2001
301,VA,virginia:chesapeake,3.45938497145,2002
302,VA,virginia:chesapeake,7.75379390153,2003
303,VA,virginia:chesapeake,9.66242009268,2004
304,VA,virginia:chesapeake,10.1395766405,2005
305,VA,virginia:chesapeake,18.8476836376,2006
306,VA,virginia:chesapeake,26.2436101283,2007
307,VA,virginia:chesapeake,26.840055813,2008
308,VA,virginia:chesapeake,17.5355031312,2009
309,VA,virginia:chesapeake,20.159864144,2010
310,VA,virginia:chesapeake,27.5557906347,2011
311,VA,virginia:chesapeake,16.7004791725,2012
312,VA,virginia:chesapeake,34.2359823037,2013
313,VA,virginia:chesapeake,114.398282332,2014
314,VA,virginia:chesapeake,35.9060302209,2015
315,VA,virginia:chesapeake,34.9517171254,2016
316,VA,virginia:chesapeake,17.0583465834,2017
317,VA,virginia:chincoteague,0.119289136947,1986
318,VA,virginia:chincoteague,0.238578273893,1988
319,VA,virginia:chincoteague,0.238578273893,1991
320,VA,virginia:chincoteague,0.238578273893,1993
321,VA,virginia:chincoteague,0.35786741084,1994
322,VA,virginia:chincoteague,0.35786741084,1995
323,VA,virginia:chincoteague,0.835023958627,1997
324,VA,virginia:chincoteague,1.07360223252,1998
325,VA,virginia:chincoteague,1.67004791725,1999
326,VA,virginia:chincoteague,2.38578273893,2000
327,VA,virginia:chincoteague,2.86293928672,2001
328,VA,virginia:chincoteague,3.45938497145,2002
329,VA,virginia:chincoteague,7.75379390153,2003
330,VA,virginia:chincoteague,9.66242009268,2004
331,VA,virginia:chincoteague,10.1395766405,2005
332,VA,virginia:chincoteague,18.8476836376,2006
333,VA,virginia:chincoteague,26.2436101283,2007
334,VA,virginia:chincoteague,26.840055813,2008
335,VA,virginia:chincoteague,17.5355031312,2009
336,VA,virginia:chincoteague,20.159864144,2010
337,VA,virginia:chincoteague,27.5557906347,2011
338,VA,virginia:chincoteague,16.7004791725,2012
339,VA,virginia:chincoteague,34.2359823037,2013
340,VA,virginia:chincoteague,114.398282332,2014
341,VA,virginia:chincoteague,35.9060302209,2015
342,VA,virginia:chincoteague,34.9517171254,2016
343,VA,virginia:chincoteague,17.0583465834,2017
344,VA,virginia:main,0.119289136947,1986
345,VA,virginia:main,0.238578273893,1988
346,VA,virginia:main,0.238578273893,1991
347,VA,virginia:main,0.238578273893,1993
348,VA,virginia:main,0.35786741084,1994
349,VA,virginia:main,0.35786741084,1995
350,VA,virginia:main,0.835023958627,1997
351,VA,virginia:main,1.07360223252,1998
352,VA,virginia:main,1.67004791725,1999
353,VA,virginia:main,2.38578273893,2000
354,VA,virginia:main,2.86293928672,2001
355,VA,virginia:main,3.45938497145,2002
356,VA,virginia:main,7.75379390153,2003
357,VA,virginia:main,9.66242009268,2004
358,VA,virginia:main,10.1395766405,2005
359,VA,virginia:main,18.8476836376,2006
360,VA,virginia:main,26.2436101283,2007
361,VA,virginia:main,26.840055813,2008
362,VA,virginia:main,17.5355031312,2009
363,VA,virginia:main,20.159864144,2010
364,VA,virginia:main,27.5557906347,2011
365,VA,virginia:main,16.7004791725,2012
366,VA,virginia:main,34.2359823037,2013
367,VA,virginia:main,114.398282332,2014
368,VA,virginia:main,35.9060302209,2015
369,VA,virginia:main,34.9517171254,2016
370,VA,virginia:main,17.0583465834,2017
371,WA,washington:san juan island,0.13946318667,1988
372,WA,washington:san juan island,0.278926373339,1989
373,WA,washington:san juan island,0.278926373339,1994
374,WA,washington:san juan island,0.13946318667,1996
375,WA,washington:san juan island,0.697315933348,1997
376,WA,washington:san juan island,1.11570549336,1998
377,WA,washington:san juan island,2.09194780004,1999
378,WA,washington:san juan island,1.67355824004,2000
379,WA,washington:san juan island,3.34711648007,2001
380,WA,washington:san juan island,3.62604285341,2002
381,WA,washington:san juan island,5.9969170268,2003
382,WA,washington:san juan island,6.69423296014,2004
383,WA,washington:san juan island,5.71799065346,2005
384,WA,washington:san juan island,12.4122236136,2006
385,WA,washington:san juan island,15.3409505337,2007
386,WA,washington:san juan island,13.2490027336,2008
387,WA,washington:san juan island,9.2045703202,2009
388,WA,washington:san juan island,10.4597390002,2010
389,WA,washington:san juan island,17.711824707,2011
390,WA,washington:san juan island,10.1808126269,2012
391,WA,washington:san juan island,22.4535730538,2013
392,WA,washington:san juan island,59.6902438946,2014
393,WA,washington:san juan island,25.3822999739,2015
394,WA,washington:san juan island,23.9876681072,2016
395,WA,washington:san juan island,4.04443241342,2017
396,WA,washington:lopez island,0.13946318667,1988
397,WA,washington:lopez island,0.278926373339,1989
398,WA,washington:lopez island,0.278926373339,1994
399,WA,washington:lopez island,0.13946318667,1996
400,WA,washington:lopez island,0.697315933348,1997
401,WA,washington:lopez island,1.11570549336,1998
402,WA,washington:lopez island,2.09194780004,1999
403,WA,washington:lopez island,1.67355824004,2000
404,WA,washington:lopez island,3.34711648007,2001
405,WA,washington:lopez island,3.62604285341,2002
406,WA,washington:lopez island,5.9969170268,2003
407,WA,washington:lopez island,6.69423296014,2004
408,WA,washington:lopez island,5.71799065346,2005
409,WA,washington:lopez island,12.4122236136,2006
410,WA,washington:lopez island,15.3409505337,2007
411,WA,washington:lopez island,13.2490027336,2008
412,WA,washington:lopez island,9.2045703202,2009
413,WA,washington:lopez island,10.4597390002,2010
414,WA,washington:lopez island,17.711824707,2011
415,WA,washington:lopez island,10.1808126269,2012
416,WA,washington:lopez island,22.4535730538,2013
417,WA,washington:lopez island,59.6902438946,2014
418,WA,washington:lopez island,25.3822999739,2015
419,WA,washington:lopez island,23.9876681072,2016
420,WA,washington:lopez island,4.04443241342,2017
421,WA,washington:orcas island,0.13946318667,1988
422,WA,washington:orcas island,0.278926373339,1989
423,WA,washington:orcas island,0.278926373339,1994
424,WA,washington:orcas island,0.13946318667,1996
425,WA,washington:orcas island,0.697315933348,1997
426,WA,washington:orcas island,1.11570549336,1998
427,WA,washington:orcas island,2.09194780004,1999
428,WA,washington:orcas island,1.67355824004,2000
429,WA,washington:orcas island,3.34711648007,2001
430,WA,washington:orcas island,3.62604285341,2002
431,WA,washington:orcas island,5.9969170268,2003
432,WA,washington:orcas island,6.69423296014,2004
433,WA,washington:orcas island,5.71799065346,2005
434,WA,washington:orcas island,12.4122236136,2006
435,WA,washington:orcas island,15.3409505337,2007
436,WA,washington:orcas island,13.2490027336,2008
437,WA,washington:orcas island,9.2045703202,2009
438,WA,washington:orcas island,10.4597390002,2010
439,WA,washington:orcas island,17.711824707,2011
440,WA,washington:orcas island,10.1808126269,2012
441,WA,washington:orcas island,22.4535730538,2013
442,WA,washington:orcas island,59.6902438946,2014
443,WA,washington:orcas island,25.3822999739,2015
444,WA,washington:orcas island,23.9876681072,2016
445,WA,washington:orcas island,4.04443241342,2017
446,WA,washington:whidbey island,0.13946318667,1988
447,WA,washington:whidbey island,0.278926373339,1989
448,WA,washington:whidbey island,0.278926373339,1994
449,WA,washington:whidbey island,0.13946318667,1996
450,WA,washington:whidbey island,0.697315933348,1997
451,WA,washington:whidbey island,1.11570549336,1998
452,WA,washington:whidbey island,2.09194780004,1999
453,WA,washington:whidbey island,1.67355824004,2000
454,WA,washington:whidbey island,3.34711648007,2001
455,WA,washington:whidbey island,3.62604285341,2002
456,WA,washington:whidbey island,5.9969170268,2003
457,WA,washington:whidbey island,6.69423296014,2004
458,WA,washington:whidbey island,5.71799065346,2005
459,WA,washington:whidbey island,12.4122236136,2006
460,WA,washington:whidbey island,15.3409505337,2007
461,WA,washington:whidbey island,13.2490027336,2008
462,WA,washington:whidbey island,9.2045703202,2009
463,WA,washington:whidbey island,10.4597390002,2010
464,WA,washington:whidbey island,17.711824707,2011
465,WA,washington:whidbey island,10.1808126269,2012
466,WA,washington:whidbey island,22.4535730538,2013
467,WA,washington:whidbey island,59.6902438946,2014
468,WA,washington:whidbey island,25.3822999739,2015
469,WA,washington:whidbey island,23.9876681072,2016
470,WA,washington:whidbey island,4.04443241342,2017
471,WA,washington:main,0.13946318667,1988
472,WA,washington:main,0.278926373339,1989
473,WA,washington:main,0.278926373339,1994
474,WA,washington:main,0.13946318667,1996
475,WA,washington:main,0.697315933348,1997
476,WA,washington:main,1.11570549336,1998
477,WA,washington:main,2.09194780004,1999
478,WA,washington:main,1.67355824004,2000
479,WA,washington:main,3.34711648007,2001
480,WA,washington:main,3.62604285341,2002
481,WA,washington:main,5.9969170268,2003
482,WA,washington:main,6.69423296014,2004
483,WA,washington:main,5.71799065346,2005
484,WA,washington:main,12.4122236136,2006
485,WA,washington:main,15.3409505337,2007
486,WA,washington:main,13.2490027336,2008
487,WA,washington:main,9.2045703202,2009
488,WA,washington:main,10.4597390002,2010
489,WA,washington:main,17.711824707,2011
490,WA,washington:main,10.1808126269,2012
491,WA,washington:main,22.4535730538,2013
492,WA,washington:main,59.6902438946,2014
493,WA,washington:main,25.3822999739,2015
494,WA,washington:main,23.9876681072,2016
495,WA,washington:main,4.04443241342,2017
496,AL,alabama,0.205804552767,1987
497,AL,alabama,0.205804552767,1995
498,AL,alabama,0.205804552767,1996
499,AL,alabama,0.205804552767,1997
500,AL,alabama,0.205804552767,1998
501,AL,alabama,0.205804552767,1999
502,AL,alabama,0.205804552767,2000
503,AL,alabama,2.05804552767,2001
504,AL,alabama,1.2348273166,2002
505,AL,alabama,1.64643642214,2003
506,AL,alabama,1.44063186937,2004
507,AL,alabama,1.8522409749,2005
508,AL,alabama,3.91028650258,2006
509,AL,alabama,10.2902276384,2007
510,AL,alabama,12.348273166,2008
511,AL,alabama,5.55672292471,2009
512,AL,alabama,6.99735479408,2010
513,AL,alabama,13.1714913771,2011
514,AL,alabama,14.8179277992,2012
515,AL,alabama,27.372005518,2013
516,AL,alabama,74.5012481017,2014
517,AL,alabama,27.372005518,2015
518,AL,alabama,17.2875824324,2016
519,AL,alabama,21.197868935,2017
520,AR,arkansas,0.335772834903,2000
521,AR,arkansas,0.335772834903,2003
522,AR,arkansas,1.67886417452,2005
523,AR,arkansas,0.335772834903,2006
524,AR,arkansas,3.02195551413,2007
525,AR,arkansas,3.02195551413,2008
526,AR,arkansas,2.68618267923,2009
527,AR,arkansas,2.35040984432,2010
528,AR,arkansas,4.02927401884,2011
529,AR,arkansas,5.03659252355,2012
530,AR,arkansas,13.766686231,2013
531,AR,arkansas,20.1463700942,2014
532,AR,arkansas,23.8398712781,2015
533,AR,arkansas,16.4528689103,2016
534,AR,arkansas,15.7813232404,2017
535,AZ,arizona,0.146454376167,1986
536,AZ,arizona,0.146454376167,1990
537,AZ,arizona,0.146454376167,1991
538,AZ,arizona,0.292908752333,1995
539,AZ,arizona,0.585817504666,1999
540,AZ,arizona,1.02518063317,2000
541,AZ,arizona,1.17163500933,2001
542,AZ,arizona,1.3180893855,2002
543,AZ,arizona,1.90390689017,2003
544,AZ,arizona,2.34327001867,2004
545,AZ,arizona,2.636178771,2005
546,AZ,arizona,7.4691731845,2006
547,AZ,arizona,12.1557132218,2007
548,AZ,arizona,11.423441341,2008
549,AZ,arizona,5.7117206705,2009
550,AZ,arizona,5.56526629433,2010
551,AZ,arizona,14.7918919928,2011
552,AZ,arizona,9.37308007466,2012
553,AZ,arizona,16.1099813783,2013
554,AZ,arizona,56.9707523288,2014
555,AZ,arizona,22.5539739297,2015
556,AZ,arizona,25.6295158292,2016
557,AZ,arizona,22.846882682,2017
558,CA,california,0.0255461655231,1985
559,CA,california,0.0255461655231,1986
560,CA,california,0.0510923310462,1987
561,CA,california,0.127730827616,1991
562,CA,california,0.0766384965693,1992
563,CA,california,0.0766384965693,1993
564,CA,california,0.0766384965693,1994
565,CA,california,0.229915489708,1995
566,CA,california,0.229915489708,1996
567,CA,california,0.204369324185,1997
568,CA,california,0.255461655231,1998
569,CA,california,0.434284813893,1999
570,CA,california,0.843023462263,2000
571,CA,california,1.40503910377,2001
572,CA,california,1.83932391766,2002
573,CA,california,2.93780903516,2003
574,CA,california,3.01444753173,2004
575,CA,california,3.95965565608,2005
576,CA,california,8.30250379501,2006
577,CA,california,14.1014833688,2007
578,CA,california,13.3095522375,2008
579,CA,california,9.0688887607,2009
580,CA,california,10.2951047058,2010
581,CA,california,14.9955991621,2011
582,CA,california,10.6782971887,2012
583,CA,california,19.9515552735,2013
584,CA,california,92.6048500213,2014
585,CA,california,39.8775643816,2015
586,CA,california,30.961952614,2016
587,CA,california,16.3495459348,2017
588,CO,colorado,0.183265177014,1987
589,CO,colorado,0.183265177014,1989
590,CO,colorado,0.183265177014,1990
591,CO,colorado,0.183265177014,1991
592,CO,colorado,0.366530354028,1994
593,CO,colorado,0.183265177014,1996
594,CO,colorado,0.733060708056,1997
595,CO,colorado,0.733060708056,1998
596,CO,colorado,0.733060708056,1999
597,CO,colorado,1.64938659313,2000
598,CO,colorado,2.5657124782,2001
599,CO,colorado,3.29877318625,2002
600,CO,colorado,3.66530354028,2003
601,CO,colorado,4.21509907132,2004
602,CO,colorado,7.8804026116,2005
603,CO,colorado,11.7289713289,2006
604,CO,colorado,13.9281534531,2007
605,CO,colorado,17.7767221704,2008
606,CO,colorado,12.462032037,2009
607,CO,colorado,11.9122365059,2010
608,CO,colorado,20.3424346486,2011
609,CO,colorado,13.378357922,2012
610,CO,colorado,26.573450667,2013
611,CO,colorado,63.5930164239,2014
612,CO,colorado,35.7367095177,2015
613,CO,colorado,20.8922301796,2016
614,CO,colorado,25.2905944279,2017
615,CT,connecticut,0.556965606817,1995
616,CT,connecticut,0.278482803408,1996
617,CT,connecticut,0.278482803408,1997
618,CT,connecticut,0.835448410225,1998
619,CT,connecticut,0.835448410225,1999
620,CT,connecticut,1.11393121363,2000
621,CT,connecticut,0.556965606817,2001
622,CT,connecticut,1.94937962386,2002
623,CT,connecticut,4.73420765794,2003
624,CT,connecticut,6.12662167498,2004
625,CT,connecticut,6.40510447839,2005
626,CT,connecticut,7.79751849544,2006
627,CT,connecticut,16.1520025977,2007
628,CT,connecticut,19.2153134352,2008
629,CT,connecticut,13.0886917602,2009
630,CT,connecticut,14.2026229738,2010
631,CT,connecticut,23.6710382897,2011
632,CT,connecticut,11.9747605466,2012
633,CT,connecticut,33.1394536056,2013
634,CT,connecticut,156.228852712,2014
635,CT,connecticut,43.7218001351,2015
636,CT,connecticut,45.671179759,2016
637,CT,connecticut,37.8736612635,2017
638,DE,delaware,1.05715620752,1999
639,DE,delaware,4.22862483006,2000
640,DE,delaware,1.05715620752,2002
641,DE,delaware,2.11431241503,2003
642,DE,delaware,3.17146862255,2004
643,DE,delaware,3.17146862255,2005
644,DE,delaware,6.34293724509,2006
645,DE,delaware,5.28578103758,2007
646,DE,delaware,7.40009345261,2008
647,DE,delaware,7.40009345261,2009
648,DE,delaware,7.40009345261,2010
649,DE,delaware,10.5715620752,2011
650,DE,delaware,4.22862483006,2012
651,DE,delaware,13.7430306977,2013
652,DE,delaware,47.5720293382,2014
653,DE,delaware,26.4289051879,2015
654,DE,delaware,27.4860613954,2016
655,FL,florida,0.0493308954663,1978
656,FL,florida,0.0493308954663,1984
657,FL,florida,0.0493308954663,1985
658,FL,florida,0.0493308954663,1989
659,FL,florida,0.0493308954663,1990
660,FL,florida,0.0493308954663,1991
661,FL,florida,0.0493308954663,1993
662,FL,florida,0.0493308954663,1994
663,FL,florida,0.147992686399,1995
664,FL,florida,0.197323581865,1996
665,FL,florida,0.147992686399,1997
666,FL,florida,0.295985372798,1998
667,FL,florida,0.493308954663,1999
668,FL,florida,0.690632536528,2000
669,FL,florida,1.52925775945,2001
670,FL,florida,1.92390492318,2002
671,FL,florida,2.46654477331,2003
672,FL,florida,3.55182447357,2004
673,FL,florida,3.6504862645,2005
674,FL,florida,7.79428148367,2006
675,FL,florida,11.64209133,2007
676,FL,florida,14.7006068489,2008
677,FL,florida,9.12621566126,2009
678,FL,florida,13.1713490895,2010
679,FL,florida,23.9254843011,2011
680,FL,florida,19.2883801273,2012
681,FL,florida,34.7289504082,2013
682,FL,florida,101.029673915,2014
683,FL,florida,47.8509686023,2015
684,FL,florida,39.2673927911,2016
685,FL,florida,20.6203143049,2017
686,GA,georgia,0.0978965937859,1984
687,GA,georgia,0.0978965937859,1987
688,GA,georgia,0.0978965937859,1995
689,GA,georgia,0.293689781358,1996
690,GA,georgia,0.293689781358,1997
691,GA,georgia,0.293689781358,1998
692,GA,georgia,0.48948296893,1999
693,GA,georgia,0.48948296893,2000
694,GA,georgia,1.66424209436,2001
695,GA,georgia,2.15372506329,2002
696,GA,georgia,3.13269100115,2003
697,GA,georgia,4.20955353279,2004
698,GA,georgia,4.30745012658,2005
699,GA,georgia,10.0833491599,2006
700,GA,georgia,14.6844890679,2007
701,GA,georgia,19.677215351,2008
702,GA,georgia,14.3907992865,2009
703,GA,georgia,16.5445243498,2010
704,GA,georgia,28.8794951668,2011
705,GA,georgia,23.2014927273,2012
706,GA,georgia,48.948296893,2013
707,GA,georgia,144.495372428,2014
708,GA,georgia,50.0251594246,2015
709,GA,georgia,53.2557470195,2016
710,GA,georgia,29.4668747296,2017
711,IA,iowa,0.640225564271,1995
712,IA,iowa,0.640225564271,2001
713,IA,iowa,2.24078947495,2002
714,IA,iowa,0.960338346406,2003
715,IA,iowa,1.92067669281,2004
716,IA,iowa,2.24078947495,2005
717,IA,iowa,6.08214286057,2006
718,IA,iowa,6.08214286057,2007
719,IA,iowa,9.28327068193,2008
720,IA,iowa,3.20112782135,2009
721,IA,iowa,6.40225564271,2010
722,IA,iowa,6.40225564271,2011
723,IA,iowa,2.24078947495,2012
724,IA,iowa,7.36259398911,2013
725,IA,iowa,23.3682330959,2014
726,IA,iowa,6.72236842484,2015
727,IA,iowa,4.16146616776,2016
728,IA,iowa,0.960338346406,2017
729,ID,idaho,0.604255164871,1997
730,ID,idaho,0.604255164871,1998
731,ID,idaho,0.604255164871,1999
732,ID,idaho,0.604255164871,2000
733,ID,idaho,1.81276549461,2001
734,ID,idaho,1.20851032974,2003
735,ID,idaho,3.02127582436,2004
736,ID,idaho,2.41702065948,2005
737,ID,idaho,7.25106197845,2006
738,ID,idaho,8.45957230819,2007
739,ID,idaho,4.83404131897,2008
740,ID,idaho,6.04255164871,2009
741,ID,idaho,2.41702065948,2010
742,ID,idaho,7.25106197845,2011
743,ID,idaho,5.43829648384,2012
744,ID,idaho,7.85531714332,2013
745,ID,idaho,21.7531859354,2014
746,ID,idaho,13.2936136272,2015
747,ID,idaho,7.25106197845,2016
748,ID,idaho,0.604255164871,2017
749,IL,illinois,0.0777605279007,1983
750,IL,illinois,0.0777605279007,1985
751,IL,illinois,0.0777605279007,1986
752,IL,illinois,0.0777605279007,1987
753,IL,illinois,0.155521055801,1988
754,IL,illinois,0.0777605279007,1989
755,IL,illinois,0.0777605279007,1990
756,IL,illinois,0.0777605279007,1991
757,IL,illinois,0.155521055801,1993
758,IL,illinois,0.155521055801,1994
759,IL,illinois,0.544323695305,1995
760,IL,illinois,0.233281583702,1996
761,IL,illinois,0.466563167404,1997
762,IL,illinois,0.622084223205,1998
763,IL,illinois,0.544323695305,1999
764,IL,illinois,1.08864739061,2000
765,IL,illinois,3.26594217183,2001
766,IL,illinois,3.03266058813,2002
767,IL,illinois,4.58787114614,2003
768,IL,illinois,5.98756064835,2004
769,IL,illinois,6.68740539946,2005
770,IL,illinois,10.3421502108,2006
771,IL,illinois,14.6189792453,2007
772,IL,illinois,19.0513293357,2008
773,IL,illinois,10.5754317945,2009
774,IL,illinois,14.7745003011,2010
775,IL,illinois,21.3063846448,2011
776,IL,illinois,12.8304871036,2012
777,IL,illinois,26.6718610699,2013
778,IL,illinois,83.5925674932,2014
779,IL,illinois,32.3483796067,2015
780,IL,illinois,29.782282186,2016
781,IL,illinois,19.5178925031,2017
782,IN,indiana,0.151064704034,1978
783,IN,indiana,0.151064704034,1990
784,IN,indiana,0.302129408068,1995
785,IN,indiana,0.151064704034,1997
786,IN,indiana,0.151064704034,1998
787,IN,indiana,0.302129408068,1999
788,IN,indiana,0.604258816136,2000
789,IN,indiana,1.81277644841,2001
790,IN,indiana,1.20851763227,2002
791,IN,indiana,2.56809996858,2003
792,IN,indiana,3.62555289682,2004
793,IN,indiana,3.77661760085,2005
794,IN,indiana,6.49578227346,2006
795,IN,indiana,11.9341116187,2007
796,IN,indiana,13.444758659,2008
797,IN,indiana,8.91281753801,2009
798,IN,indiana,9.66814105818,2010
799,IN,indiana,14.2000821792,2011
800,IN,indiana,10.4234645783,2012
801,IN,indiana,23.1128997172,2013
802,IN,indiana,54.9875522684,2014
803,IN,indiana,20.9979938607,2015
804,IN,indiana,17.674570372,2016
805,IN,indiana,5.74045875329,2017
806,KS,kansas,0.34344893481,1993
807,KS,kansas,0.34344893481,1994
808,KS,kansas,1.03034680443,1995
809,KS,kansas,0.34344893481,1998
810,KS,kansas,0.34344893481,1999
811,KS,kansas,0.686897869621,2000
812,KS,kansas,0.686897869621,2001
813,KS,kansas,1.37379573924,2002
814,KS,kansas,2.06069360886,2003
815,KS,kansas,3.4344893481,2004
816,KS,kansas,2.06069360886,2005
817,KS,kansas,6.18208082659,2006
818,KS,kansas,7.89932550064,2007
819,KS,kansas,12.707610588,2008
820,KS,kansas,9.9600191095,2009
821,KS,kansas,7.89932550064,2010
822,KS,kansas,14.0814063272,2011
823,KS,kansas,8.58622337026,2012
824,KS,kansas,12.3641616532,2013
825,KS,kansas,51.5173402215,2014
826,KS,kansas,14.424855262,2015
827,KS,kansas,10.6469169791,2016
828,KS,kansas,5.15173402215,2017
829,KY,kentucky,0.451968004281,1996
830,KY,kentucky,0.451968004281,1997
831,KY,kentucky,0.903936008562,1998
832,KY,kentucky,0.451968004281,1999
833,KY,kentucky,0.677952006422,2000
834,KY,kentucky,2.03385601926,2001
835,KY,kentucky,2.03385601926,2002
836,KY,kentucky,2.25984002141,2003
837,KY,kentucky,3.16377602997,2004
838,KY,kentucky,2.48582402355,2005
839,KY,kentucky,6.55353606208,2006
840,KY,kentucky,12.881088122,2007
841,KY,kentucky,8.58739208134,2008
842,KY,kentucky,7.90944007492,2009
843,KY,kentucky,6.32755205993,2010
844,KY,kentucky,13.5590401284,2011
845,KY,kentucky,6.55353606208,2012
846,KY,kentucky,11.9771521134,2013
847,KY,kentucky,39.3212163725,2014
848,KY,kentucky,14.6889601391,2015
849,KY,kentucky,18.7566721777,2016
850,KY,kentucky,4.29369604067,2017
851,LA,louisiana,0.428199140005,1996
852,LA,louisiana,0.214099570002,1997
853,LA,louisiana,0.428199140005,2000
854,LA,louisiana,0.428199140005,2001
855,LA,louisiana,0.214099570002,2003
856,LA,louisiana,1.49869699002,2004
857,LA,louisiana,0.642298710007,2005
858,LA,louisiana,1.92689613002,2006
859,LA,louisiana,5.78068839007,2007
860,LA,louisiana,4.28199140005,2008
861,LA,louisiana,3.21149355004,2009
862,LA,louisiana,5.13838968006,2010
863,LA,louisiana,7.92168409009,2011
864,LA,louisiana,5.35248925006,2012
865,LA,louisiana,19.6971604402,2013
866,LA,louisiana,44.1045114205,2014
867,LA,louisiana,17.1279656002,2015
868,LA,louisiana,24.4073509803,2016
869,LA,louisiana,7.27938538008,2017
870,MD,maryland,0.166489050598,1984
871,MD,maryland,0.332978101196,1999
872,MD,maryland,0.166489050598,2000
873,MD,maryland,0.665956202391,2001
874,MD,maryland,1.66489050598,2002
875,MD,maryland,2.16435765777,2003
876,MD,maryland,3.16329196136,2004
877,MD,maryland,2.66382480957,2005
878,MD,maryland,5.32764961913,2006
879,MD,maryland,8.99040873228,2007
880,MD,maryland,14.484547402,2008
881,MD,maryland,6.65956202391,2009
882,MD,maryland,10.4888101877,2010
883,MD,maryland,14.1515693008,2011
884,MD,maryland,13.4856130984,2012
885,MD,maryland,35.4621677773,2013
886,MD,maryland,103.722678522,2014
887,MD,maryland,47.615868471,2015
888,MD,maryland,43.6201312566,2016
889,MD,maryland,31.1334524618,2017
890,ME,maine,0.752259788404,2004
891,ME,maine,1.50451957681,2005
892,ME,maine,1.50451957681,2006
893,ME,maine,3.00903915362,2007
894,ME,maine,6.77033809564,2008
895,ME,maine,3.76129894202,2009
896,ME,maine,5.26581851883,2010
897,ME,maine,3.00903915362,2011
898,ME,maine,3.76129894202,2012
899,ME,maine,4.51355873043,2013
900,ME,maine,16.5497153449,2014
901,ME,maine,10.5316370377,2015
902,ME,maine,15.7974555565,2016
903,ME,maine,5.26581851883,2017
904,MN,minnesota,0.1821628339,1985
905,MN,minnesota,0.3643256678,1993
906,MN,minnesota,0.1821628339,1995
907,MN,minnesota,0.1821628339,1996
908,MN,minnesota,0.5464885017,1999
909,MN,minnesota,0.3643256678,2000
910,MN,minnesota,1.0929770034,2001
911,MN,minnesota,0.3643256678,2002
912,MN,minnesota,1.2751398373,2003
913,MN,minnesota,2.3681168407,2004
914,MN,minnesota,3.643256678,2005
915,MN,minnesota,5.8292106848,2006
916,MN,minnesota,6.7400248543,2007
917,MN,minnesota,10.929770034,2008
918,MN,minnesota,6.3756991865,2009
919,MN,minnesota,6.0113735187,2010
920,MN,minnesota,10.2011186984,2011
921,MN,minnesota,6.7400248543,2012
922,MN,minnesota,19.4914232273,2013
923,MN,minnesota,55.1953386717,2014
924,MN,minnesota,18.0341205561,2015
925,MN,minnesota,13.4800497086,2016
926,MN,minnesota,17.6697948883,2017
927,MO,missouri,0.164374410718,1991
928,MO,missouri,0.164374410718,1995
929,MO,missouri,0.328748821435,1998
930,MO,missouri,0.328748821435,1999
931,MO,missouri,0.164374410718,2000
932,MO,missouri,1.15062087502,2001
933,MO,missouri,1.47936969646,2002
934,MO,missouri,2.30124175005,2003
935,MO,missouri,1.31499528574,2004
936,MO,missouri,2.62999057148,2005
937,MO,missouri,4.43810908938,2006
938,MO,missouri,8.3830949466,2007
939,MO,missouri,8.71184376804,2008
940,MO,missouri,4.76685791081,2009
941,MO,missouri,7.06809966086,2010
942,MO,missouri,8.87621817876,2011
943,MO,missouri,7.23247407158,2012
944,MO,missouri,15.9443178396,2013
945,MO,missouri,50.4629440903,2014
946,MO,missouri,16.6018154825,2015
947,MO,missouri,21.0399245719,2016
948,MO,missouri,11.9993319824,2017
949,MS,mississippi,0.334187404945,2000
950,MS,mississippi,0.668374809889,2001
951,MS,mississippi,1.00256221483,2002
952,MS,mississippi,0.334187404945,2003
953,MS,mississippi,0.668374809889,2004
954,MS,mississippi,1.00256221483,2005
955,MS,mississippi,1.33674961978,2006
956,MS,mississippi,3.67606145439,2007
957,MS,mississippi,3.34187404945,2008
958,MS,mississippi,3.0076866445,2009
959,MS,mississippi,6.34956069395,2010
960,MS,mississippi,6.68374809889,2011
961,MS,mississippi,4.01024885933,2012
962,MS,mississippi,12.030746578,2013
963,MS,mississippi,31.0794286598,2014
964,MS,mississippi,18.380307272,2015
965,MS,mississippi,12.6991213879,2016
966,MS,mississippi,1.67093702472,2017
967,MT,montana,2.90430602092,2000
968,MT,montana,0.968102006972,2001
969,MT,montana,0.968102006972,2002
970,MT,montana,0.968102006972,2003
971,MT,montana,1.93620401394,2005
972,MT,montana,2.90430602092,2006
973,MT,montana,4.84051003486,2007
974,MT,montana,2.90430602092,2008
975,MT,montana,1.93620401394,2009
976,MT,montana,4.84051003486,2010
977,MT,montana,3.87240802789,2011
978,MT,montana,4.84051003486,2012
979,MT,montana,9.68102006972,2013
980,MT,montana,7.74481605578,2014
981,MT,montana,4.84051003486,2015
982,MT,montana,5.80861204183,2016
983,ND,north dakota,1.32113136405,2001
984,ND,north dakota,1.32113136405,2003
985,ND,north dakota,1.32113136405,2006
986,ND,north dakota,2.64226272811,2007
987,ND,north dakota,1.32113136405,2008
988,ND,north dakota,2.64226272811,2010
989,ND,north dakota,2.64226272811,2011
990,ND,north dakota,1.32113136405,2012
991,ND,north dakota,5.28452545622,2013
992,ND,north dakota,6.60565682027,2014
993,NE,nebraska,0.527373311746,1994
994,NE,nebraska,0.527373311746,1995
995,NE,nebraska,0.527373311746,1998
996,NE,nebraska,1.58211993524,1999
997,NE,nebraska,0.527373311746,2000
998,NE,nebraska,1.05474662349,2001
999,NE,nebraska,1.05474662349,2002
1000,NE,nebraska,1.58211993524,2003
1001,NE,nebraska,2.63686655873,2004
1002,NE,nebraska,2.10949324698,2005
1003,NE,nebraska,5.27373311746,2006
1004,NE,nebraska,7.38322636445,2007
1005,NE,nebraska,7.91059967619,2008
1006,NE,nebraska,6.32847974095,2009
1007,NE,nebraska,3.69161318222,2010
1008,NE,nebraska,5.27373311746,2011
1009,NE,nebraska,4.74635980572,2012
1010,NE,nebraska,12.6569594819,2013
1011,NE,nebraska,36.3887585105,2014
1012,NE,nebraska,16.8759459759,2015
1013,NE,nebraska,5.80110642921,2016
1014,NE,nebraska,0.527373311746,2017
1015,NH,new hampshire,0.75153613987,1996
1016,NH,new hampshire,0.75153613987,1999
1017,NH,new hampshire,0.75153613987,2000
1018,NH,new hampshire,4.50921683922,2001
1019,NH,new hampshire,3.75768069935,2002
1020,NH,new hampshire,10.5215059582,2003
1021,NH,new hampshire,6.76382525883,2004
1022,NH,new hampshire,6.01228911896,2005
1023,NH,new hampshire,17.285331217,2006
1024,NH,new hampshire,15.7822589373,2007
1025,NH,new hampshire,23.297620336,2008
1026,NH,new hampshire,18.0368673569,2009
1027,NH,new hampshire,22.5460841961,2010
1028,NH,new hampshire,29.3099094549,2011
1029,NH,new hampshire,11.273042098,2012
1030,NH,new hampshire,27.0553010353,2013
1031,NH,new hampshire,95.4450897635,2014
1032,NH,new hampshire,32.3160540144,2015
1033,NH,new hampshire,24.0491564758,2016
1034,NH,new hampshire,12.7761143778,2017
1035,NJ,new jersey,0.111631898726,1984
1036,NJ,new jersey,0.111631898726,1985
1037,NJ,new jersey,0.223263797452,1987
1038,NJ,new jersey,0.111631898726,1990
1039,NJ,new jersey,0.223263797452,1991
1040,NJ,new jersey,0.334895696177,1993
1041,NJ,new jersey,0.223263797452,1994
1042,NJ,new jersey,0.446527594903,1995
1043,NJ,new jersey,0.223263797452,1997
1044,NJ,new jersey,1.11631898726,1998
1045,NJ,new jersey,0.558159493629,1999
1046,NJ,new jersey,2.12100607579,2000
1047,NJ,new jersey,2.56753367069,2001
1048,NJ,new jersey,4.01874835413,2002
1049,NJ,new jersey,6.69791392355,2003
1050,NJ,new jersey,10.2701346828,2004
1051,NJ,new jersey,8.59565620188,2005
1052,NJ,new jersey,14.9586744293,2006
1053,NJ,new jersey,23.7775944286,2007
1054,NJ,new jersey,30.3638764534,2008
1055,NJ,new jersey,19.8704779732,2009
1056,NJ,new jersey,29.8057169598,2010
1057,NJ,new jersey,42.5317534145,2011
1058,NJ,new jersey,21.6565883528,2012
1059,NJ,new jersey,49.1180354393,2013
1060,NJ,new jersey,197.253565048,2014
1061,NJ,new jersey,69.3234091087,2015
1062,NJ,new jersey,63.2952865775,2016
1063,NJ,new jersey,47.5551888572,2017
1064,NM,new mexico,0.479591234799,2002
1065,NM,new mexico,0.959182469598,2004
1066,NM,new mexico,1.4387737044,2005
1067,NM,new mexico,2.39795617399,2006
1068,NM,new mexico,3.83672987839,2007
1069,NM,new mexico,5.27550358279,2008
1070,NM,new mexico,2.39795617399,2009
1071,NM,new mexico,2.39795617399,2010
1072,NM,new mexico,5.75509481759,2011
1073,NM,new mexico,5.27550358279,2012
1074,NM,new mexico,6.23468605238,2013
1075,NM,new mexico,24.9387442095,2014
1076,NM,new mexico,14.387737044,2015
1077,NM,new mexico,13.9081458092,2016
1078,NM,new mexico,2.87754740879,2017
1079,NV,nevada,0.345919618658,1988
1080,NV,nevada,1.03775885597,2000
1081,NV,nevada,1.38367847463,2001
1082,NV,nevada,1.38367847463,2002
1083,NV,nevada,1.03775885597,2003
1084,NV,nevada,3.11327656792,2004
1085,NV,nevada,4.84287466121,2005
1086,NV,nevada,6.91839237316,2006
1087,NV,nevada,6.91839237316,2007
1088,NV,nevada,13.4908651277,2008
1089,NV,nevada,9.33982970377,2009
1090,NV,nevada,7.61023161048,2010
1091,NV,nevada,12.7990258904,2011
1092,NV,nevada,5.88063351719,2012
1093,NV,nevada,10.7235081784,2013
1094,NV,nevada,39.434836527,2014
1095,NV,nevada,21.4470163568,2015
1096,NV,nevada,15.220463221,2016
1097,NV,nevada,7.61023161048,2017
1098,OH,ohio,0.0861072570938,1984
1099,OH,ohio,0.0861072570938,1990
1100,OH,ohio,0.0861072570938,1991
1101,OH,ohio,0.0861072570938,1993
1102,OH,ohio,0.172214514188,1994
1103,OH,ohio,0.344429028375,1995
1104,OH,ohio,0.516643542563,1997
1105,OH,ohio,0.258321771281,1998
1106,OH,ohio,0.430536285469,1999
1107,OH,ohio,1.54993062769,2000
1108,OH,ohio,1.54993062769,2001
1109,OH,ohio,2.06657417025,2002
1110,OH,ohio,3.01375399828,2003
1111,OH,ohio,4.99422091144,2004
1112,OH,ohio,4.82200639725,2005
1113,OH,ohio,7.66354588135,2006
1114,OH,ohio,13.2605175924,2007
1115,OH,ohio,13.4327321066,2008
1116,OH,ohio,8.78294022357,2009
1117,OH,ohio,10.1606563371,2010
1118,OH,ohio,16.2742715907,2011
1119,OH,ohio,9.12736925194,2012
1120,OH,ohio,20.5796344454,2013
1121,OH,ohio,65.3554081342,2014
1122,OH,ohio,25.4016408427,2015
1123,OH,ohio,27.0376787275,2016
1124,OH,ohio,13.0021958212,2017
1125,OK,oklahoma,0.255666986591,1994
1126,OK,oklahoma,0.255666986591,1995
1127,OK,oklahoma,0.255666986591,1997
1128,OK,oklahoma,0.511333973183,1998
1129,OK,oklahoma,0.255666986591,2000
1130,OK,oklahoma,1.02266794637,2001
1131,OK,oklahoma,0.511333973183,2002
1132,OK,oklahoma,2.04533589273,2003
1133,OK,oklahoma,3.0680038391,2004
1134,OK,oklahoma,1.53400191955,2005
1135,OK,oklahoma,3.0680038391,2006
1136,OK,oklahoma,9.45967850388,2007
1137,OK,oklahoma,8.43701055751,2008
1138,OK,oklahoma,5.62467370501,2009
1139,OK,oklahoma,5.11333973183,2010
1140,OK,oklahoma,6.90300863796,2011
1141,OK,oklahoma,5.11333973183,2012
1142,OK,oklahoma,9.20401151729,2013
1143,OK,oklahoma,34.2593762032,2014
1144,OK,oklahoma,15.5956861821,2015
1145,OK,oklahoma,11.24934741,2016
1146,OK,oklahoma,9.45967850388,2017
1147,OR,oregon,0.24820196293,1992
1148,OR,oregon,0.24820196293,1993
1149,OR,oregon,0.24820196293,1994
1150,OR,oregon,0.24820196293,1997
1151,OR,oregon,0.74460588879,1998
1152,OR,oregon,0.74460588879,1999
1153,OR,oregon,0.99280785172,2000
1154,OR,oregon,1.98561570344,2001
1155,OR,oregon,1.48921177758,2002
1156,OR,oregon,2.23381766637,2003
1157,OR,oregon,3.97123140688,2004
1158,OR,oregon,4.9640392586,2005
1159,OR,oregon,10.4244824431,2006
1160,OR,oregon,6.94965496204,2007
1161,OR,oregon,10.672684406,2008
1162,OR,oregon,6.70145299911,2009
1163,OR,oregon,7.19785692497,2010
1164,OR,oregon,12.6583001094,2011
1165,OR,oregon,13.1547040353,2012
1166,OR,oregon,17.622339368,2013
1167,OR,oregon,51.8742102524,2014
1168,OR,oregon,25.0683982559,2015
1169,OR,oregon,25.8130041447,2016
1170,OR,oregon,11.6654922577,2017
1171,PA,pennsylvania,0.0781097258872,1989
1172,PA,pennsylvania,0.0781097258872,1990
1173,PA,pennsylvania,0.156219451774,1992
1174,PA,pennsylvania,0.0781097258872,1994
1175,PA,pennsylvania,0.0781097258872,1995
1176,PA,pennsylvania,0.156219451774,1996
1177,PA,pennsylvania,0.0781097258872,1997
1178,PA,pennsylvania,0.54676808121,1998
1179,PA,pennsylvania,0.468658355323,1999
1180,PA,pennsylvania,0.468658355323,2000
1181,PA,pennsylvania,0.937316710646,2001
1182,PA,pennsylvania,1.71841396952,2002
1183,PA,pennsylvania,2.18707232484,2003
1184,PA,pennsylvania,4.06170574613,2004
1185,PA,pennsylvania,4.60847382734,2005
1186,PA,pennsylvania,6.63932670041,2006
1187,PA,pennsylvania,9.7637157359,2007
1188,PA,pennsylvania,13.7473117561,2008
1189,PA,pennsylvania,11.2478005278,2009
1190,PA,pennsylvania,12.497556142,2010
1191,PA,pennsylvania,21.5582843449,2011
1192,PA,pennsylvania,12.1070075125,2012
1193,PA,pennsylvania,22.2612718779,2013
1194,PA,pennsylvania,76.3132021918,2014
1195,PA,pennsylvania,26.7135262534,2015
1196,PA,pennsylvania,25.4637706392,2016
1197,PA,pennsylvania,12.5756658678,2017
1198,RI,rhode island,0.946702540382,2001
1199,RI,rhode island,0.946702540382,2002
1200,RI,rhode island,0.946702540382,2003
1201,RI,rhode island,0.946702540382,2004
1202,RI,rhode island,3.78681016153,2005
1203,RI,rhode island,1.89340508076,2006
1204,RI,rhode island,6.62691778267,2007
1205,RI,rhode island,22.7208609692,2008
1206,RI,rhode island,8.52032286343,2009
1207,RI,rhode island,14.2005381057,2010
1208,RI,rhode island,32.187886373,2011
1209,RI,rhode island,6.62691778267,2012
1210,RI,rhode island,30.2944812922,2013
1211,RI,rhode island,92.7768489574,2014
1212,RI,rhode island,23.6675635095,2015
1213,RI,rhode island,37.8681016153,2016
1214,RI,rhode island,21.7741584288,2017
1215,SC,south carolina,0.204242275455,1988
1216,SC,south carolina,0.204242275455,1989
1217,SC,south carolina,0.204242275455,1991
1218,SC,south carolina,0.204242275455,1992
1219,SC,south carolina,0.204242275455,1993
1220,SC,south carolina,0.40848455091,1994
1221,SC,south carolina,0.612726826365,1995
1222,SC,south carolina,0.612726826365,1996
1223,SC,south carolina,1.02121137728,1997
1224,SC,south carolina,0.612726826365,1998
1225,SC,south carolina,1.63393820364,1999
1226,SC,south carolina,4.0848455091,2000
1227,SC,south carolina,1.42969592819,2001
1228,SC,south carolina,3.88060323365,2002
1229,SC,south carolina,4.0848455091,2003
1230,SC,south carolina,2.65514958092,2004
1231,SC,south carolina,1.8381804791,2005
1232,SC,south carolina,6.12726826365,2006
1233,SC,south carolina,6.33151053911,2007
1234,SC,south carolina,6.94423736547,2008
1235,SC,south carolina,4.28908778456,2009
1236,SC,south carolina,6.12726826365,2010
1237,SC,south carolina,7.76120646729,2011
1238,SC,south carolina,7.14847964093,2012
1239,SC,south carolina,13.2757479046,2013
1240,SC,south carolina,40.6442128155,2014
1241,SC,south carolina,13.8884747309,2015
1242,SC,south carolina,18.9945316173,2016
1243,SC,south carolina,15.3181706591,2017
1244,SD,south dakota,1.16486442725,2004
1245,SD,south dakota,3.49459328176,2005
1246,SD,south dakota,2.32972885451,2007
1247,SD,south dakota,4.65945770901,2008
1248,SD,south dakota,2.32972885451,2009
1249,SD,south dakota,4.65945770901,2011
1250,SD,south dakota,3.49459328176,2012
1251,SD,south dakota,4.65945770901,2013
1252,SD,south dakota,27.9567462541,2014
1253,SD,south dakota,6.98918656352,2015
1254,SD,south dakota,4.65945770901,2016
1255,SD,south dakota,3.49459328176,2017
1256,TN,tennessee,0.151508287731,1995
1257,TN,tennessee,0.606033150922,1999
1258,TN,tennessee,0.757541438653,2000
1259,TN,tennessee,0.606033150922,2001
1260,TN,tennessee,1.9696077405,2002
1261,TN,tennessee,2.27262431596,2003
1262,TN,tennessee,2.72714917915,2004
1263,TN,tennessee,3.63619890553,2005
1264,TN,tennessee,6.36334808469,2006
1265,TN,tennessee,11.5146298675,2007
1266,TN,tennessee,11.817646443,2008
1267,TN,tennessee,6.66636466015,2009
1268,TN,tennessee,8.63597240064,2010
1269,TN,tennessee,13.6357458958,2011
1270,TN,tennessee,9.69653041476,2012
1271,TN,tennessee,22.5747348719,2013
1272,TN,tennessee,73.3300112616,2014
1273,TN,tennessee,27.7260166547,2015
1274,TN,tennessee,25.4533923387,2016
1275,TN,tennessee,13.484237608,2017
1276,TX,texas,0.0364045232766,1987
1277,TX,texas,0.145618093106,1991
1278,TX,texas,0.0364045232766,1993
1279,TX,texas,0.0364045232766,1994
1280,TX,texas,0.10921356983,1995
1281,TX,texas,0.0728090465532,1996
1282,TX,texas,0.0728090465532,1997
1283,TX,texas,0.291236186213,1998
1284,TX,texas,0.364045232766,1999
1285,TX,texas,0.436854279319,2000
1286,TX,texas,1.12854022157,2001
1287,TX,texas,1.45618093106,2002
1288,TX,texas,2.3298894897,2003
1289,TX,texas,3.31281161817,2004
1290,TX,texas,3.82247494404,2005
1291,TX,texas,7.49933179498,2006
1292,TX,texas,13.032819333,2007
1293,TX,texas,15.5447314391,2008
1294,TX,texas,9.24674891225,2009
1295,TX,texas,12.1227062511,2010
1296,TX,texas,20.3137239883,2011
1297,TX,texas,15.799563102,2012
1298,TX,texas,26.6481110385,2013
1299,TX,texas,89.8827679699,2014
1300,TX,texas,42.0472243844,2015
1301,TX,texas,39.8629529879,2016
1302,TX,texas,19.876869709,2017
1303,UT,utah,0.333787395454,1995
1304,UT,utah,0.333787395454,1996
1305,UT,utah,0.333787395454,1999
1306,UT,utah,0.333787395454,2000
1307,UT,utah,0.667574790907,2001
1308,UT,utah,1.66893697727,2002
1309,UT,utah,1.33514958181,2003
1310,UT,utah,1.00136218636,2004
1311,UT,utah,1.66893697727,2005
1312,UT,utah,8.01089749089,2006
1313,UT,utah,8.34468488634,2007
1314,UT,utah,11.3487714454,2008
1315,UT,utah,9.01225967725,2009
1316,UT,utah,8.01089749089,2010
1317,UT,utah,14.0190706091,2011
1318,UT,utah,10.0136218636,2012
1319,UT,utah,24.3664798681,2013
1320,UT,utah,68.426416068,2014
1321,UT,utah,34.7138891272,2015
1322,UT,utah,36.3828261044,2016
1323,UT,utah,8.01089749089,2017
1324,VT,vermont,1.59733691989,2002
1325,VT,vermont,3.19467383977,2004
1326,VT,vermont,1.59733691989,2005
1327,VT,vermont,3.19467383977,2006
1328,VT,vermont,7.98668459944,2007
1329,VT,vermont,22.3627168784,2008
1330,VT,vermont,3.19467383977,2009
1331,VT,vermont,7.98668459944,2010
1332,VT,vermont,9.58402151932,2011
1333,VT,vermont,7.98668459944,2012
1334,VT,vermont,9.58402151932,2013
1335,VT,vermont,51.1147814364,2014
1336,VT,vermont,6.38934767955,2015
1337,VT,vermont,9.58402151932,2016
1338,VT,vermont,1.59733691989,2017
1339,WI,wisconsin,0.173270075894,1984
1340,WI,wisconsin,0.173270075894,1994
1341,WI,wisconsin,0.173270075894,1998
1342,WI,wisconsin,0.173270075894,1999
1343,WI,wisconsin,0.346540151788,2000
1344,WI,wisconsin,0.86635037947,2001
1345,WI,wisconsin,1.55943068305,2002
1346,WI,wisconsin,1.03962045536,2003
1347,WI,wisconsin,2.42578106252,2004
1348,WI,wisconsin,3.29213144199,2005
1349,WI,wisconsin,7.45061326344,2006
1350,WI,wisconsin,7.97042349113,2007
1351,WI,wisconsin,9.52985417417,2008
1352,WI,wisconsin,3.63867159377,2009
1353,WI,wisconsin,6.41099280808,2010
1354,WI,wisconsin,9.35658409828,2011
1355,WI,wisconsin,8.6635037947,2012
1356,WI,wisconsin,9.70312425007,2013
1357,WI,wisconsin,34.1342049511,2014
1358,WI,wisconsin,11.0892848572,2015
1359,WI,wisconsin,10.9160147813,2016
1360,WI,wisconsin,5.54464242861,2017
1361,WV,west virginia,0.542261708515,2001
1362,WV,west virginia,0.542261708515,2004
1363,WV,west virginia,0.542261708515,2006
1364,WV,west virginia,1.62678512554,2007
1365,WV,west virginia,1.08452341703,2008
1366,WV,west virginia,0.542261708515,2009
1367,WV,west virginia,0.542261708515,2011
1368,WV,west virginia,4.33809366812,2012
1369,WV,west virginia,5.96487879366,2013
1370,WV,west virginia,15.7255895469,2014
1371,WV,west virginia,11.9297575873,2015
1372,WV,west virginia,11.9297575873,2016
1373,WV,west virginia,5.42261708515,2017
1374,WY,wyoming,1.70617310491,2001
1375,WY,wyoming,1.70617310491,2003
1376,WY,wyoming,1.70617310491,2006
1377,WY,wyoming,1.70617310491,2007
1378,WY,wyoming,1.70617310491,2010
1379,WY,wyoming,3.41234620982,2013
1380,WY,wyoming,5.11851931473,2014
1381,WY,wyoming,1.70617310491,2015
